Feature,Importance
SatisfactionScore,0.16450305062099185
TotalCharges,0.13000087839122632
TenureMonths,0.1138213450279592
CustomerID,0.10776727914200053
MonthlyCharges,0.10354189084440057
Age,0.096211374234243
ContractType,0.08159187331141961
SupportTickets,0.053071906284566414
Location,0.04347038005733571
InternetService,0.03206744814190458
TechSupport,0.02187302728355204
Gender,0.01837893215582343
OnlineBackup,0.017060704852639552
DeviceProtection,0.016639909651937398
